Rank;Sequence;Start;ABCscore;Length;End;Positions;Tool
1;DEAGSKSPIQYI;63;0.85;12;74;63,64,65,66,67,68,69,70,71,72,73,74;ABCpred
1;EAGSKSPIQYIDIG;64;0.82;14;77;64,65,66,67,68,69,70,71,72,73,74,75,76,77;ABCpred
1;KSPIQYIDIGNYTVSC;68;0.88;16;83;68,69,70,71,72,73,74,75,76,77,78,79,80,81,82,83;ABCpred
2;HFYSKWYIRVGARKSA;40;0.87;16;55;40,41,42,43,44,45,46,47,48,49,50,51,52,53,54,55;ABCpred
3;TVAAFHQECSLQSCTQ;12;0.84;16;27;12,13,14,15,16,17,18,19,20,21,22,23,24,25,26,27;ABCpred
3;CSFYEDFLEYHDVRVV;102;0.84;16;117;102,103,104,105,106,107,108,109,110,111,112,113,114,115,116,117;ABCpred
4;ECSLQSCTQHQPYVVD;19;0.82;16;34;19,20,21,22,23,24,25,26,27,28,29,30,31,32,33,34;ABCpred
1;TINCQEPKLGSLVVRCSF;87;0.9;18;104;87,88,89,90,91,92,93,94,95,96,97,98,99,100,101,102,103,104;ABCpred
2;KSPIQYIDIGNYTVSCLP;68;0.84;18;85;68,69,70,71,72,73,74,75,76,77,78,79,80,81,82,83,84,85;ABCpred
1;PCPIHFYSKWYIRVGARKSA;36;0.91;20;55;36,37,38,39,40,41,42,43,44,45,46,47,48,49,50,51,52,53,54,55;ABCpred
2;DIGNYTVSCLPFTINCQEPK;75;0.84;20;94;75,76,77,78,79,80,81,82,83,84,85,86,87,88,89,90,91,92,93,94;ABCpred
3;CQEPKLGSLVVRCSFYEDFL;90;0.82;20;109;90,91,92,93,94,95,96,97,98,99,100,101,102,103,104,105,106,107,108,109;ABCpred
