residue,asa,absolute_asa,rasa,chain,aa,position
A.His.30,13.99,201,0.06962,A,His,30
A.Val.31,3.628,169,0.02147,A,Val,31
A.Ile.32,5.701,194,0.02939,A,Ile,32
A.Ile.33,3.11,194,0.01603,A,Ile,33
A.Gln.34,0,190,0,A,Gln,34
A.Ala.35,3.533,124,0.02849,A,Ala,35
A.Glu.36,1.037,187,0.005543,A,Glu,36
A.Phe.37,2.073,221,0.009381,A,Phe,37
A.Tyr.38,18.69,236,0.07918,A,Tyr,38
A.Leu.39,0,198,0,A,Leu,39
A.Asn.40,3.867,161,0.02402,A,Asn,40
A.Pro.41,17.98,150,0.1198,A,Pro,41
A.Asp.42,22.38,154,0.1453,A,Asp,42
A.Ser.44,7.188,126,0.05705,A,Ser,44
A.Gly.45,2.397,89,0.02694,A,Gly,45
A.Glu.46,4.324,187,0.02312,A,Glu,46
A.Phe.47,0,221,0,A,Phe,47
A.Met.48,1.037,215,0.004821,A,Met,48
A.Phe.49,0,221,0,A,Phe,49
A.Asp.50,0.8457,154,0.005491,A,Asp,50
A.Phe.51,0.5183,221,0.002345,A,Phe,51
A.Asp.52,8.129,154,0.05279,A,Asp,52
A.Gly.53,9.752,89,0.1096,A,Gly,53
A.Asp.54,0.5183,154,0.003366,A,Asp,54
A.Glu.55,0.9072,187,0.004851,A,Glu,55
A.Ile.56,1.555,194,0.008015,A,Ile,56
A.Phe.57,0,221,0,A,Phe,57
A.His.58,4.665,201,0.02321,A,His,58
A.Val.59,0,169,0,A,Val,59
A.Asp.60,13.11,154,0.08512,A,Asp,60
A.Met.61,35.91,215,0.167,A,Met,61
A.Thr.66,15.64,152,0.1029,A,Thr,66
A.Val.67,32.13,169,0.1901,A,Val,67
A.Trp.68,32.22,265,0.1216,A,Trp,68
A.Arg.69,16.27,244,0.06669,A,Arg,69
A.Leu.70,12.44,198,0.06282,A,Leu,70
A.Phe.73,0,221,0,A,Phe,73
A.Gly.74,12.69,89,0.1425,A,Gly,74
A.Ala.77,0,124,0,A,Ala,77
A.Ser.78,15.51,126,0.1231,A,Ser,78
A.Phe.79,1.364,221,0.006172,A,Phe,79
A.Ala.81,1.037,124,0.00836,A,Ala,81
A.Gly.83,3.628,89,0.04076,A,Gly,83
A.Ala.84,0,124,0,A,Ala,84
A.Leu.85,31.83,198,0.1608,A,Leu,85
A.Ala.86,18.66,124,0.1505,A,Ala,86
A.Asn.87,0,161,0,A,Asn,87
A.Ile.88,10.88,194,0.0561,A,Ile,88
A.Val.90,3.11,169,0.0184,A,Val,90
A.Asp.91,1.037,154,0.006731,A,Asp,91
A.Ala.93,7.774,124,0.0627,A,Ala,93
A.Asn.94,0,161,0,A,Asn,94
A.Leu.95,0,198,0,A,Leu,95
A.Ile.97,18.37,194,0.0947,A,Ile,97
A.Met.98,1.589,215,0.00739,A,Met,98
A.Thr.99,2.591,152,0.01705,A,Thr,99
A.Ser.102,7.338,126,0.05824,A,Ser,102
A.Thr.105,9.37,152,0.06165,A,Thr,105
A.Ile.107,0,194,0,A,Ile,107
A.Asn.109,1.691,161,0.01051,A,Asn,109
A.Val.110,24.88,169,0.1472,A,Val,110
A.Pro.111,21.84,150,0.1456,A,Pro,111
A.Pro.112,0,150,0,A,Pro,112
A.Val.114,2.728,169,0.01614,A,Val,114
A.Val.116,13.07,169,0.07732,A,Val,116
A.Leu.117,33.69,198,0.1701,A,Leu,117
A.Thr.118,26.34,152,0.1733,A,Thr,118
A.Asn.119,22.13,161,0.1374,A,Asn,119
A.Ser.120,2.728,126,0.02165,A,Ser,120
A.Pro.121,18.47,150,0.1231,A,Pro,121
A.Glu.123,30.06,187,0.1608,A,Glu,123
A.Asn.128,3.413,161,0.0212,A,Asn,128
A.Val.129,30.58,169,0.1809,A,Val,129
A.Leu.130,0.5183,198,0.002618,A,Leu,130
A.Ile.131,2.591,194,0.01336,A,Ile,131
A.Cyss.132,0,156,0,A,Cyss,132
A.Phe.133,6.22,221,0.02814,A,Phe,133
A.Ile.134,0,194,0,A,Ile,134
A.Asp.135,0.4228,154,0.002746,A,Asp,135
A.Lys.136,32.3,214,0.151,A,Lys,136
A.Phe.137,0,221,0,A,Phe,137
A.Thr.138,0,152,0,A,Thr,138
A.Pro.139,0,150,0,A,Pro,139
A.Pro.140,0.4228,150,0.002819,A,Pro,140
A.Val.141,3.628,169,0.02147,A,Val,141
A.Val.142,0,169,0,A,Val,142
A.Val.144,5.92,169,0.03503,A,Val,144
A.Thr.145,8.034,152,0.05285,A,Thr,145
A.Trp.146,2.008,265,0.007579,A,Trp,146
A.Leu.147,14.51,198,0.07329,A,Leu,147
A.Asn.149,27.48,161,0.1707,A,Asn,149
A.Gly.150,10.67,89,0.1198,A,Gly,150
A.Val.153,11.4,169,0.06747,A,Val,153
A.Val.157,21.76,169,0.1287,A,Val,157
A.Ser.158,13,126,0.1032,A,Ser,158
A.Glu.159,37.21,187,0.199,A,Glu,159
A.Thr.160,2.591,152,0.01705,A,Thr,160
A.Val.161,5.183,169,0.03067,A,Val,161
A.Phe.162,2.823,221,0.01278,A,Phe,162
A.Leu.163,1.037,198,0.005235,A,Leu,163
A.Pro.164,2.919,150,0.01946,A,Pro,164
A.Arg.165,5.767,244,0.02363,A,Arg,165
A.Asp.167,17.98,154,0.1168,A,Asp,167
A.His.168,0.9072,201,0.004513,A,His,168
A.Leu.169,4.146,198,0.02094,A,Leu,169
A.Phe.170,2.591,221,0.01173,A,Phe,170
A.Arg.171,17.36,244,0.07116,A,Arg,171
A.Lys.172,0,214,0,A,Lys,172
A.Phe.173,0.5183,221,0.002345,A,Phe,173
A.His.174,0.5183,201,0.002579,A,His,174
A.Tyr.175,6.22,236,0.02635,A,Tyr,175
A.Leu.176,3.628,198,0.01832,A,Leu,176
A.Pro.177,28.86,150,0.1924,A,Pro,177
A.Phe.178,11.73,221,0.05306,A,Phe,178
A.Pro.180,10.34,150,0.06893,A,Pro,180
A.Asp.184,21.56,154,0.14,A,Asp,184
A.Val.185,31.1,169,0.184,A,Val,185
A.Tyr.186,2.823,236,0.01196,A,Tyr,186
A.Asp.187,6.438,154,0.04181,A,Asp,187
A.Cyss.188,0.4228,156,0.00271,A,Cyss,188
A.Val.190,1.037,169,0.006134,A,Val,190
A.Glu.191,36.84,187,0.197,A,Glu,191
A.His.192,2.008,201,0.009992,A,His,192
A.Trp.193,36.77,265,0.1388,A,Trp,193
A.Gly.194,1.269,89,0.01425,A,Gly,194
A.Leu.195,5.074,198,0.02563,A,Leu,195
A.Glu.197,36.38,187,0.1945,A,Glu,197
A.Leu.199,10.88,198,0.05497,A,Leu,199
A.Trp.203,29.93,265,0.113,A,Trp,203
A.Phe.205,23.07,221,0.1044,A,Phe,205
