"residue","asa","absolute_asa","rasa"
A.E28,96.22,187.,0.5145
A.E29,64.17,187.,0.3432
A.H30,13.99,201.,0.06962
A.V31,3.628,169.,0.02147
A.I32,5.701,194.,0.02939
A.I33,3.11,194.,0.01603
A.Q34,0.,190.,0.
A.A35,3.533,124.,0.02849
A.E36,1.037,187.,0.005543
A.F37,2.073,221.,0.009381
A.Y38,18.69,236.,0.07918
A.L39,0.,198.,0.
A.N40,3.867,161.,0.02402
A.P41,17.98,150.,0.1198
A.D42,22.38,154.,0.1453
A.Q43,75.33,190.,0.3965
A.S44,7.188,126.,0.05705
A.G45,2.397,89.,0.02694
A.E46,4.324,187.,0.02312
A.F47,0.,221.,0.
A.M48,1.037,215.,0.004821
A.F49,0.,221.,0.
A.D50,0.8457,154.,0.005491
A.F51,0.5183,221.,0.002345
A.D52,8.129,154.,0.05279
A.G53,9.752,89.,0.1096
A.D54,0.5183,154.,0.003366
A.E55,0.9072,187.,0.004851
A.I56,1.555,194.,0.008015
A.F57,0.,221.,0.
A.H58,4.665,201.,0.02321
A.V59,0.,169.,0.
A.D60,13.11,154.,0.08512
A.M61,35.91,215.,0.167
A.A62,89.27,124.,0.72
A.K63,129.2,214.,0.6036
A.K64,62.29,214.,0.2911
A.E65,61.82,187.,0.3306
A.T66,15.64,152.,0.1029
A.V67,32.13,169.,0.1901
A.W68,32.22,265.,0.1216
A.R69,16.27,244.,0.06669
A.L70,12.44,198.,0.06282
A.E71,114.8,187.,0.6138
A.E72,52.65,187.,0.2815
A.F73,0.,221.,0.
A.G74,12.69,89.,0.1425
A.R75,162.7,244.,0.6668
A.F76,84.48,221.,0.3823
A.A77,0.,124.,0.
A.S78,15.51,126.,0.1231
A.F79,1.364,221.,0.006172
A.E80,74.4,187.,0.3979
A.A81,1.037,124.,0.00836
A.Q82,102.8,190.,0.5409
A.G83,3.628,89.,0.04076
A.A84,0.,124.,0.
A.L85,31.83,198.,0.1608
A.A86,18.66,124.,0.1505
A.N87,0.,161.,0.
A.I88,10.88,194.,0.0561
A.A89,34.41,124.,0.2775
A.V90,3.11,169.,0.0184
A.D91,1.037,154.,0.006731
A.K92,51.06,214.,0.2386
A.A93,7.774,124.,0.0627
A.N94,0.,161.,0.
A.L95,0.,198.,0.
A.E96,69.32,187.,0.3707
A.I97,18.37,194.,0.0947
A.M98,1.589,215.,0.00739
A.T99,2.591,152.,0.01705
A.K100,135.,214.,0.631
A.R101,52.3,244.,0.2144
A.S102,7.338,126.,0.05824
A.N103,95.91,161.,0.5957
A.Y104,127.6,236.,0.5408
A.T105,9.37,152.,0.06165
A.P106,34.79,150.,0.232
A.I107,0.,194.,0.
A.T108,32.,152.,0.2105
A.N109,1.691,161.,0.01051
A.V110,24.88,169.,0.1472
A.P111,21.84,150.,0.1456
A.P112,0.,150.,0.
A.E113,66.29,187.,0.3545
A.V114,2.728,169.,0.01614
A.T115,44.14,152.,0.2904
A.V116,13.07,169.,0.07732
A.L117,33.69,198.,0.1701
A.T118,26.34,152.,0.1733
A.N119,22.13,161.,0.1374
A.S120,2.728,126.,0.02165
A.P121,18.47,150.,0.1231
A.V122,33.87,169.,0.2004
A.E123,30.06,187.,0.1608
A.L124,56.26,198.,0.2842
A.R125,68.95,244.,0.2826
A.E126,59.46,187.,0.3179
A.P127,65.73,150.,0.4382
A.N128,3.413,161.,0.0212
A.V129,30.58,169.,0.1809
A.L130,0.5183,198.,0.002618
A.I131,2.591,194.,0.01336
A.C132,0.,156.,0.
A.F133,6.22,221.,0.02814
A.I134,0.,194.,0.
A.D135,0.4228,154.,0.002746
A.K136,32.3,214.,0.151
A.F137,0.,221.,0.
A.T138,0.,152.,0.
A.P139,0.,150.,0.
A.P140,0.4228,150.,0.002819
A.V141,3.628,169.,0.02147
A.V142,0.,169.,0.
A.N143,46.68,161.,0.2899
A.V144,5.92,169.,0.03503
A.T145,8.034,152.,0.05285
A.W146,2.008,265.,0.007579
A.L147,14.51,198.,0.07329
A.R148,69.75,244.,0.2859
A.N149,27.48,161.,0.1707
A.G150,10.67,89.,0.1198
A.K151,103.7,214.,0.4847
A.P152,59.78,150.,0.3985
A.V153,11.4,169.,0.06747
A.T154,55.22,152.,0.3633
A.T155,98.82,152.,0.6501
A.G156,49.47,89.,0.5558
A.V157,21.76,169.,0.1287
A.S158,13.,126.,0.1032
A.E159,37.21,187.,0.199
A.T160,2.591,152.,0.01705
A.V161,5.183,169.,0.03067
A.F162,2.823,221.,0.01278
A.L163,1.037,198.,0.005235
A.P164,2.919,150.,0.01946
A.R165,5.767,244.,0.02363
A.E166,92.59,187.,0.4951
A.D167,17.98,154.,0.1168
A.H168,0.9072,201.,0.004513
A.L169,4.146,198.,0.02094
A.F170,2.591,221.,0.01173
A.R171,17.36,244.,0.07116
A.K172,0.,214.,0.
A.F173,0.5183,221.,0.002345
A.H174,0.5183,201.,0.002579
A.Y175,6.22,236.,0.02635
A.L176,3.628,198.,0.01832
A.P177,28.86,150.,0.1924
A.F178,11.73,221.,0.05306
A.L179,98.73,198.,0.4986
A.P180,10.34,150.,0.06893
A.S181,36.17,126.,0.2871
A.T182,82.02,152.,0.5396
A.E183,118.8,187.,0.6351
A.D184,21.56,154.,0.14
A.V185,31.1,169.,0.184
A.Y186,2.823,236.,0.01196
A.D187,6.438,154.,0.04181
A.C188,0.4228,156.,0.00271
A.R189,55.72,244.,0.2284
A.V190,1.037,169.,0.006134
A.E191,36.84,187.,0.197
A.H192,2.008,201.,0.009992
A.W193,36.77,265.,0.1388
A.G194,1.269,89.,0.01425
A.L195,5.074,198.,0.02563
A.D196,71.27,154.,0.4628
A.E197,36.38,187.,0.1945
A.P198,34.48,150.,0.2299
A.L199,10.88,198.,0.05497
A.L200,82.79,198.,0.4181
A.K201,47.85,214.,0.2236
A.H202,85.97,201.,0.4277
A.W203,29.93,265.,0.113
A.E204,59.18,187.,0.3165
A.F205,23.07,221.,0.1044
A.D206,72.2,154.,0.4688
B.G30,107.5,89.,1.208
B.D31,33.55,154.,0.2179
B.T32,98.31,152.,0.6468
B.R33,95.18,244.,0.3901
B.P34,51.83,150.,0.3455
B.R35,0.9072,244.,0.003718
B.F36,13.48,221.,0.06098
B.L37,0.,198.,0.
B.Q38,0.4228,190.,0.002225
B.Q39,0.5183,190.,0.002728
B.D40,3.086,154.,0.02004
B.K41,0.,214.,0.
B.Y42,0.8457,236.,0.003583
B.E43,2.96,187.,0.01583
B.C44,0.,156.,0.
B.H45,22.29,201.,0.1109
B.F46,0.5183,221.,0.002345
B.F47,29.45,221.,0.1332
B.N48,60.6,161.,0.3764
B.G49,17.43,89.,0.1958
B.T50,15.79,152.,0.1039
B.E51,138.,187.,0.7379
B.R52,111.6,244.,0.4573
B.V53,4.747,169.,0.02809
B.R54,27.8,244.,0.1139
B.F55,0.5183,221.,0.002345
B.L56,0.,198.,0.
B.H57,4.569,201.,0.02273
B.R58,11.34,244.,0.04647
B.D59,3.806,154.,0.02471
B.I60,0.,194.,0.
B.Y61,0.5183,236.,0.002196
B.N62,0.,161.,0.
B.Q63,16.14,190.,0.08497
B.E64,8.457,187.,0.04522
B.E65,0.4228,187.,0.002261
B.D66,0.,154.,0.
B.L67,4.569,198.,0.02308
B.R68,6.608,244.,0.02708
B.F69,0.,221.,0.
B.D70,7.188,154.,0.04668
B.S71,9.821,126.,0.07794
B.D72,102.7,154.,0.6666
B.V73,41.82,169.,0.2474
B.G74,10.88,89.,0.1223
B.E75,56.45,187.,0.3019
B.Y76,0.5183,236.,0.002196
B.R77,37.97,244.,0.1556
B.A78,15.18,124.,0.1224
B.V79,7.065,169.,0.04181
B.T80,7.161,152.,0.04711
B.E81,61.21,187.,0.3273
B.L82,17.95,198.,0.09064
B.G83,0.,89.,0.
B.R84,37.52,244.,0.1538
B.P85,48.94,150.,0.3263
B.D86,2.496,154.,0.01621
B.A87,0.5183,124.,0.00418
B.E88,99.51,187.,0.5322
B.Y89,82.58,236.,0.3499
B.W90,15.23,265.,0.05745
B.N91,28.52,161.,0.1772
B.S92,77.82,126.,0.6176
B.Q93,55.66,190.,0.2929
B.K94,63.62,214.,0.2973
B.D95,120.8,154.,0.7847
B.F96,32.39,221.,0.1466
B.L97,13.48,198.,0.06806
B.E98,81.78,187.,0.4373
B.D99,85.47,154.,0.555
B.R100,4.505,244.,0.01846
B.R101,73.01,244.,0.2992
B.A102,33.69,124.,0.2717
B.A103,0.,124.,0.
B.V104,7.256,169.,0.04294
B.D105,54.75,154.,0.3555
B.T106,52.29,152.,0.344
B.Y107,0.,236.,0.
B.C108,0.,156.,0.
B.R109,33.58,244.,0.1376
B.H110,23.84,201.,0.1186
B.N111,0.,161.,0.
B.Y112,10.39,236.,0.04404
B.G113,8.238,89.,0.09256
B.V114,3.11,169.,0.0184
B.G115,3.11,89.,0.03494
B.E116,29.27,187.,0.1565
B.S117,39.33,126.,0.3121
B.F118,7.256,221.,0.03283
B.T119,4.747,152.,0.03123
B.V120,10.87,169.,0.06432
B.Q121,59.96,190.,0.3156
B.R122,8.652,244.,0.03546
B.R123,80.94,244.,0.3317
B.V124,34.73,169.,0.2055
B.E125,57.89,187.,0.3096
B.P126,1.037,150.,0.006911
B.K127,80.4,214.,0.3757
B.V128,11.18,169.,0.06618
B.T129,27.99,152.,0.1841
B.V130,14.57,169.,0.0862
B.Y131,57.64,236.,0.2442
B.P132,56.39,150.,0.3759
B.A133,13.97,124.,0.1126
B.R134,83.58,244.,0.3426
B.T135,66.82,152.,0.4396
B.Q136,83.8,190.,0.441
B.T137,115.2,152.,0.7577
B.L138,65.77,198.,0.3322
B.Q139,108.7,190.,0.5723
B.H140,78.01,201.,0.3881
B.H141,112.2,201.,0.558
B.N142,25.69,161.,0.1596
B.L143,53.32,198.,0.2693
B.L144,0.5183,198.,0.002618
B.V145,3.11,169.,0.0184
B.C146,0.,156.,0.
B.S147,0.8457,126.,0.006712
B.V148,0.,169.,0.
B.N149,1.978,161.,0.01228
B.G150,5.701,89.,0.06406
B.F151,0.,221.,0.
B.Y152,1.037,236.,0.004392
B.P153,21.25,150.,0.1417
B.G154,2.591,89.,0.02912
B.S155,70.79,126.,0.5618
B.I156,12.27,194.,0.06326
B.E157,95.57,187.,0.5111
B.V158,13.11,169.,0.07756
B.R159,61.16,244.,0.2507
B.W160,6.872,265.,0.02593
B.F161,49.76,221.,0.2251
B.R162,80.25,244.,0.3289
B.N163,85.28,161.,0.5297
B.S164,101.5,126.,0.8055
B.Q165,56.44,190.,0.2971
B.E166,52.49,187.,0.2807
B.E167,16.3,187.,0.08716
B.K168,99.79,214.,0.4663
B.A169,76.15,124.,0.6141
B.G170,44.45,89.,0.4995
B.V171,57.42,169.,0.3398
B.V172,93.29,169.,0.552
B.S173,54.69,126.,0.434
B.T174,69.,152.,0.454
B.G175,29.02,89.,0.3261
B.L176,77.37,198.,0.3908
B.I177,30.06,194.,0.155
B.Q178,27.29,190.,0.1436
B.N179,0.5183,161.,0.003219
B.G180,0.,89.,0.
B.D181,8.034,154.,0.05217
B.W182,0.,265.,0.
B.T183,7.297,152.,0.04801
B.F184,8.811,221.,0.03987
B.Q185,8.975,190.,0.04724
B.T186,0.9411,152.,0.006192
B.L187,36.28,198.,0.1832
B.V188,4.146,169.,0.02453
B.M189,47.68,215.,0.2218
B.L190,0.5183,198.,0.002618
B.E191,54.54,187.,0.2916
B.T192,2.496,152.,0.01642
B.V193,70.75,169.,0.4187
B.P194,76.39,150.,0.5093
B.R195,56.95,244.,0.2334
B.S196,117.,126.,0.9282
B.G197,67.26,89.,0.7557
B.E198,40.21,187.,0.215
B.V199,61.16,169.,0.3619
B.Y200,3.86,236.,0.01636
B.T201,23.91,152.,0.1573
B.C202,0.,156.,0.
B.Q203,46.9,190.,0.2469
B.V204,0.9411,169.,0.005569
B.E205,80.28,187.,0.4293
B.H206,5.03,201.,0.02502
B.P207,35.97,150.,0.2398
B.S208,11.93,126.,0.09472
B.V209,27.85,169.,0.1648
B.T210,152.3,152.,1.002
B.S211,66.89,126.,0.5309
B.P212,55.6,150.,0.3707
B.L213,19.7,198.,0.09947
B.T214,68.28,152.,0.4492
B.V215,25.4,169.,0.1503
B.E216,128.2,187.,0.6856
B.W217,51.19,265.,0.1932
B.R218,85.67,244.,0.3511
B.A219,62.72,124.,0.5058
C.N218,107.,161.,0.6647
C.P219,127.7,150.,0.8511
C.V220,101.3,169.,0.5995
C.V221,79.44,169.,0.4701
C.H222,68.87,201.,0.3426
C.F223,78.72,221.,0.3562
C.F224,1.037,221.,0.00469
C.K225,60.84,214.,0.2843
C.N226,7.219,161.,0.04484
C.I227,0.5183,194.,0.002672
C.V228,69.11,169.,0.4089
C.T229,3.151,152.,0.02073
C.P230,19.18,150.,0.1278
C.R231,108.4,244.,0.4441
C.T232,4.419,152.,0.02907
C.P233,30.01,150.,0.2
C.P234,88.17,150.,0.5878
C.P235,89.73,150.,0.5982
C.S236,94.86,126.,0.7528
C.Q237,134.6,190.,0.7084
D.E29,121.2,187.,0.6479
D.H30,25.6,201.,0.1273
D.V31,26.43,169.,0.1564
D.I32,4.665,194.,0.02404
D.I33,2.073,194.,0.01069
D.Q34,0.,190.,0.
D.A35,2.401,124.,0.01936
D.E36,0.,187.,0.
D.F37,2.591,221.,0.01173
D.Y38,16.9,236.,0.07161
D.L39,0.,198.,0.
D.N40,0.9072,161.,0.005634
D.P41,19.15,150.,0.1277
D.D42,13.45,154.,0.08733
D.Q43,97.92,190.,0.5154
D.S44,16.99,126.,0.1349
D.G45,10.28,89.,0.1155
D.E46,2.96,187.,0.01583
D.F47,0.,221.,0.
D.M48,1.037,215.,0.004821
D.F49,0.,221.,0.
D.D50,0.,154.,0.
D.F51,1.555,221.,0.007036
D.D52,9.889,154.,0.06421
D.G53,7.488,89.,0.08414
D.D54,3.574,154.,0.02321
D.E55,2.721,187.,0.01455
D.I56,1.037,194.,0.005343
D.F57,0.,221.,0.
D.H58,1.037,201.,0.005157
D.V59,0.,169.,0.
D.D60,7.188,154.,0.04668
D.M61,49.16,215.,0.2286
D.A62,80.26,124.,0.6473
D.K63,135.4,214.,0.6328
D.K64,128.4,214.,0.5999
D.E65,71.31,187.,0.3813
D.T66,7.611,152.,0.05007
D.V67,30.06,169.,0.1779
D.W68,18.97,265.,0.0716
D.R69,14.33,244.,0.05874
D.L70,2.591,198.,0.01309
D.E71,118.1,187.,0.6317
D.E72,47.94,187.,0.2564
D.F73,0.,221.,0.
D.G74,13.2,89.,0.1484
D.R75,139.5,244.,0.5719
D.F76,89.15,221.,0.4034
D.A77,0.,124.,0.
D.S78,10.43,126.,0.08281
D.F79,1.459,221.,0.006604
D.E80,76.8,187.,0.4107
D.A81,1.555,124.,0.01254
D.Q82,88.02,190.,0.4633
D.G83,3.342,89.,0.03755
D.A84,0.,124.,0.
D.L85,29.67,198.,0.1498
D.A86,15.48,124.,0.1249
D.N87,0.8457,161.,0.005253
D.I88,10.37,194.,0.05343
D.A89,19.57,124.,0.1578
D.V90,2.073,169.,0.01227
D.D91,0.5183,154.,0.003366
D.K92,37.26,214.,0.1741
D.A93,8.811,124.,0.07106
D.N94,0.,161.,0.
D.L95,0.,198.,0.
D.E96,72.28,187.,0.3865
D.I97,21.58,194.,0.1112
D.M98,1.589,215.,0.00739
D.T99,1.037,152.,0.00682
D.K100,135.7,214.,0.6342
D.R101,38.99,244.,0.1598
D.S102,15.29,126.,0.1213
D.N103,112.9,161.,0.7012
D.Y104,112.2,236.,0.4756
D.T105,29.88,152.,0.1966
D.P106,25.86,150.,0.1724
D.I107,0.,194.,0.
D.T108,29.03,152.,0.191
D.N109,2.568,161.,0.01595
D.V110,5.183,169.,0.03067
D.P111,15.88,150.,0.1058
D.P112,0.,150.,0.
D.E113,63.87,187.,0.3416
D.V114,2.632,169.,0.01558
D.T115,45.79,152.,0.3012
D.V116,11.8,169.,0.06981
D.L117,36.28,198.,0.1832
D.T118,21.71,152.,0.1428
D.N119,36.71,161.,0.228
D.S120,5.551,126.,0.04406
D.P121,16.46,150.,0.1097
D.V122,28.06,169.,0.166
D.E123,90.55,187.,0.4842
D.L124,86.16,198.,0.4352
D.R125,75.74,244.,0.3104
D.E126,56.36,187.,0.3014
D.P127,96.74,150.,0.645
D.N128,5.909,161.,0.0367
D.V129,23.84,169.,0.1411
D.L130,0.,198.,0.
D.I131,1.555,194.,0.008015
D.C132,0.,156.,0.
D.F133,24.36,221.,0.1102
D.I134,0.,194.,0.
D.D135,6.015,154.,0.03906
D.K136,29.81,214.,0.1393
D.F137,0.,221.,0.
D.T138,0.,152.,0.
D.P139,0.,150.,0.
D.P140,0.,150.,0.
D.V141,4.146,169.,0.02453
D.V142,0.,169.,0.
D.N143,36.24,161.,0.2251
D.V144,0.4228,169.,0.002502
D.T145,18.25,152.,0.1201
D.W146,2.008,265.,0.007579
D.L147,13.99,198.,0.07068
D.R148,41.28,244.,0.1692
D.N149,38.77,161.,0.2408
D.G150,16.6,89.,0.1865
D.K151,104.2,214.,0.4868
D.P152,77.4,150.,0.516
D.V153,6.738,169.,0.03987
D.T154,69.62,152.,0.4581
D.T155,78.13,152.,0.514
D.G156,47.49,89.,0.5336
D.V157,33.91,169.,0.2006
D.S158,18.7,126.,0.1484
D.E159,10.01,187.,0.05354
D.T160,0.5183,152.,0.00341
D.V161,0.5183,169.,0.003067
D.F162,1.787,221.,0.008085
D.L163,3.11,198.,0.01571
D.P164,1.555,150.,0.01037
D.R165,3.24,244.,0.01328
D.E166,93.42,187.,0.4996
D.D167,14.23,154.,0.09238
D.H168,1.037,201.,0.005157
D.L169,6.22,198.,0.03141
D.F170,2.073,221.,0.009381
D.R171,21.32,244.,0.08736
D.K172,0.,214.,0.
D.F173,3.628,221.,0.01642
D.H174,0.,201.,0.
D.Y175,5.183,236.,0.02196
D.L176,2.591,198.,0.01309
D.P177,28.25,150.,0.1883
D.F178,11.99,221.,0.05425
D.L179,101.,198.,0.5102
D.P180,8.457,150.,0.05638
D.S181,34.81,126.,0.2763
D.T182,86.68,152.,0.5702
D.E183,74.91,187.,0.4006
D.D184,11.84,154.,0.07688
D.V185,28.51,169.,0.1687
D.Y186,2.728,236.,0.01156
D.D187,7.802,154.,0.05066
D.C188,0.4536,156.,0.002908
D.R189,70.17,244.,0.2876
D.V190,0.,169.,0.
D.E191,28.9,187.,0.1546
D.H192,0.,201.,0.
D.W193,18.28,265.,0.06897
D.G194,3.383,89.,0.03801
D.L195,5.169,198.,0.02611
D.D196,73.19,154.,0.4753
D.E197,30.43,187.,0.1627
D.P198,43.5,150.,0.29
D.L199,13.99,198.,0.07068
D.L200,94.51,198.,0.4773
D.K201,36.9,214.,0.1724
D.H202,86.13,201.,0.4285
D.W203,25.4,265.,0.09584
D.E204,59.35,187.,0.3174
D.F205,33.85,221.,0.1532
D.D206,69.29,154.,0.4499
E.G30,89.95,89.,1.011
E.D31,35.03,154.,0.2274
E.T32,78.82,152.,0.5186
E.R33,112.2,244.,0.4599
E.P34,41.98,150.,0.2799
E.R35,0.4536,244.,0.001859
E.F36,8.811,221.,0.03987
E.L37,0.,198.,0.
E.Q38,0.4228,190.,0.002225
E.Q39,1.037,190.,0.005456
E.D40,1.691,154.,0.01098
E.K41,0.,214.,0.
E.Y42,0.4228,236.,0.001792
E.E43,0.4228,187.,0.002261
E.C44,0.,156.,0.
E.H45,25.07,201.,0.1247
E.F46,0.8457,221.,0.003827
E.F47,49.14,221.,0.2224
E.N48,106.7,161.,0.6626
E.G49,17.17,89.,0.1929
E.T50,19.74,152.,0.1298
E.E51,139.4,187.,0.7456
E.R52,105.2,244.,0.4312
E.V53,5.92,169.,0.03503
E.R54,26.18,244.,0.1073
E.F55,0.,221.,0.
E.L56,0.,198.,0.
E.H57,3.628,201.,0.01805
E.R58,0.9072,244.,0.003718
E.D59,3.151,154.,0.02046
E.I60,0.,194.,0.
E.Y61,0.5183,236.,0.002196
E.N62,0.,161.,0.
E.Q63,20.94,190.,0.1102
E.E64,13.68,187.,0.07316
E.E65,2.537,187.,0.01357
E.D66,0.,154.,0.
E.L67,3.014,198.,0.01522
E.R68,8.552,244.,0.03505
E.F69,0.,221.,0.
E.D70,9.725,154.,0.06315
E.S71,17.68,126.,0.1403
E.D72,104.4,154.,0.6782
E.V73,51.24,169.,0.3032
E.G74,9.329,89.,0.1048
E.E75,44.56,187.,0.2383
E.Y76,2.21,236.,0.009363
E.R77,32.63,244.,0.1337
E.A78,13.91,124.,0.1122
E.V79,6.22,169.,0.0368
E.T80,2.591,152.,0.01705
E.E81,51.33,187.,0.2745
E.L82,16.33,198.,0.08246
E.G83,0.,89.,0.
E.R84,44.74,244.,0.1834
E.P85,41.78,150.,0.2785
E.D86,1.882,154.,0.01222
E.A87,3.628,124.,0.02926
E.E88,97.22,187.,0.5199
E.Y89,72.99,236.,0.3093
E.W90,10.04,265.,0.0379
E.N91,21.03,161.,0.1306
E.S92,65.82,126.,0.5224
E.Q93,45.63,190.,0.2401
E.K94,55.98,214.,0.2616
E.D95,127.6,154.,0.8287
E.F96,26.43,221.,0.1196
E.L97,10.37,198.,0.05235
E.E98,88.07,187.,0.471
E.D99,72.38,154.,0.47
E.R100,1.814,244.,0.007436
E.R101,77.8,244.,0.3189
E.A102,36.28,124.,0.2926
E.A103,0.,124.,0.
E.V104,23.32,169.,0.138
E.D105,62.41,154.,0.4053
E.T106,49.99,152.,0.3289
E.Y107,0.,236.,0.
E.C108,0.,156.,0.
E.R109,52.6,244.,0.2156
E.H110,32.91,201.,0.1637
E.N111,0.,161.,0.
E.Y112,8.225,236.,0.03485
E.G113,17.79,89.,0.1998
E.V114,3.11,169.,0.0184
E.G115,2.073,89.,0.02329
E.E116,29.17,187.,0.156
E.S117,37.09,126.,0.2943
E.F118,8.293,221.,0.03752
E.T119,3.055,152.,0.0201
E.V120,33.61,169.,0.1989
E.Q121,75.27,190.,0.3962
E.R122,7.84,244.,0.03213
E.R123,85.02,244.,0.3484
E.V124,27.47,169.,0.1625
E.E125,69.,187.,0.369
E.P126,0.,150.,0.
E.K127,78.91,214.,0.3688
E.V128,9.07,169.,0.05367
E.T129,20.21,152.,0.133
E.V130,16.26,169.,0.0962
E.Y131,59.9,236.,0.2538
E.P132,52.62,150.,0.3508
E.A133,15.11,124.,0.1219
E.R134,88.21,244.,0.3615
E.T135,78.04,152.,0.5134
E.Q136,86.5,190.,0.4553
E.T137,129.9,152.,0.8543
E.L138,53.73,198.,0.2714
E.Q139,93.45,190.,0.4918
E.H140,53.92,201.,0.2683
E.H141,120.8,201.,0.6009
E.N142,21.67,161.,0.1346
E.L143,53.19,198.,0.2686
E.L144,0.,198.,0.
E.V145,4.665,169.,0.0276
E.C146,0.,156.,0.
E.S147,0.8457,126.,0.006712
E.V148,0.,169.,0.
E.N149,3.996,161.,0.02482
E.G150,6.738,89.,0.07571
E.F151,0.,221.,0.
E.Y152,1.037,236.,0.004392
E.P153,16.07,150.,0.1071
E.G154,2.591,89.,0.02912
E.S155,46.82,126.,0.3716
E.I156,24.09,194.,0.1242
E.E157,90.96,187.,0.4864
E.V158,29.04,169.,0.1718
E.R159,81.45,244.,0.3338
E.W160,4.212,265.,0.01589
E.F161,40.43,221.,0.1829
E.R162,96.83,244.,0.3968
E.N163,66.23,161.,0.4114
E.S164,70.12,126.,0.5565
E.Q165,54.27,190.,0.2856
E.E166,56.48,187.,0.302
E.E167,17.43,187.,0.09321
E.K168,162.2,214.,0.7577
E.A169,73.92,124.,0.5961
E.G170,46.33,89.,0.5206
E.V171,57.9,169.,0.3426
E.V172,104.6,169.,0.6189
E.S173,63.1,126.,0.5008
E.T174,63.68,152.,0.419
E.G175,21.25,89.,0.2388
E.L176,64.81,198.,0.3273
E.I177,35.76,194.,0.1843
E.Q178,24.75,190.,0.1303
E.N179,1.459,161.,0.009065
E.G180,4.801,89.,0.05395
E.D181,1.691,154.,0.01098
E.W182,0.,265.,0.
E.T183,0.8457,152.,0.005564
E.F184,2.591,221.,0.01173
E.Q185,11.09,190.,0.05836
E.T186,7.434,152.,0.04891
E.L187,35.24,198.,0.178
E.V188,9.329,169.,0.0552
E.M189,52.36,215.,0.2435
E.L190,1.037,198.,0.005235
E.E191,56.05,187.,0.2997
E.T192,3.437,152.,0.02261
E.V193,68.33,169.,0.4043
E.P194,76.35,150.,0.509
E.R195,96.95,244.,0.3973
E.S196,120.3,126.,0.9547
E.G197,77.24,89.,0.8678
E.E198,48.5,187.,0.2594
E.V199,40.53,169.,0.2398
E.Y200,3.86,236.,0.01636
E.T201,23.39,152.,0.1539
E.C202,0.,156.,0.
E.Q203,39.54,190.,0.2081
E.V204,0.5183,169.,0.003067
E.E205,72.71,187.,0.3888
E.H206,4.87,201.,0.02423
E.P207,37.81,150.,0.2521
E.S208,12.03,126.,0.09548
E.V209,28.98,169.,0.1715
E.T210,154.3,152.,1.015
E.S211,68.71,126.,0.5453
E.P212,48.68,150.,0.3245
E.L213,26.95,198.,0.1361
E.T214,65.63,152.,0.4318
E.V215,27.37,169.,0.162
E.E216,111.,187.,0.5936
E.W217,57.86,265.,0.2183
E.R218,57.88,244.,0.2372
E.A219,108.,124.,0.8709
F.P219,174.3,150.,1.162
F.V220,112.1,169.,0.6634
F.V221,80.12,169.,0.4741
F.H222,70.62,201.,0.3513
F.F223,84.91,221.,0.3842
F.F224,0.5183,221.,0.002345
F.K225,61.1,214.,0.2855
F.N226,5.135,161.,0.0319
F.I227,0.,194.,0.
F.V228,53.9,169.,0.319
F.T229,3.055,152.,0.0201
F.P230,11.4,150.,0.07602
F.R231,97.32,244.,0.3989
F.T232,8.975,152.,0.05905
F.P233,26.9,150.,0.1793
F.P234,101.3,150.,0.6754
F.P235,95.3,150.,0.6353
F.S236,145.8,126.,1.157
ASO4.So4,82.81,10.,8.281
BSO4.So4,6.765,10.,0.6765
BGOL.Gol,115.7,146.8,0.7886
DSO4.So4,64.69,10.,6.469
DGOL.Gol,96.16,146.8,0.6552
WA.W9998,0.,100.,0.
WA2.W9997,0.,100.,0.
WA3.W9996,0.8457,100.,0.008457
WA4.W9995,22.83,100.,0.2283
WA5.W9994,0.8457,100.,0.008457
WA6.W9993,30.02,100.,0.3002
WA7.W9992,0.,100.,0.
WA8.W9991,0.,100.,0.
WA9.W9990,0.,100.,0.
WA10.W9989,1.691,100.,0.01691
WA11.W9988,18.18,100.,0.1818
WA12.W9987,0.,100.,0.
WA13.W9986,56.24,100.,0.5624
WA14.W9985,5.497,100.,0.05497
WA15.W9984,0.,100.,0.
WA16.W9983,1.269,100.,0.01269
WA17.W9982,0.,100.,0.
WA18.W9981,20.3,100.,0.203
WA19.W9980,16.91,100.,0.1691
WA20.W9979,5.92,100.,0.0592
WA21.W9978,14.8,100.,0.148
WA22.W9977,0.,100.,0.
WA23.W9976,37.21,100.,0.3721
WA24.W9975,27.91,100.,0.2791
WA25.W9974,0.,100.,0.
WA26.W9973,8.88,100.,0.0888
WA27.W9972,6.343,100.,0.06343
WA28.W9971,6.765,100.,0.06765
WA29.W9970,0.,100.,0.
WA30.W9969,21.99,100.,0.2199
WA31.W9968,0.,100.,0.
WA32.W9967,14.8,100.,0.148
WA33.W9966,18.18,100.,0.1818
WA34.W9965,3.383,100.,0.03383
WA35.W9964,30.44,100.,0.3044
WA36.W9963,21.99,100.,0.2199
WA37.W9962,1.269,100.,0.01269
WA38.W9961,2.96,100.,0.0296
WA39.W9960,17.34,100.,0.1734
WA40.W9959,21.14,100.,0.2114
WA41.W9958,0.4228,100.,0.004228
WA42.W9957,11.42,100.,0.1142
WA43.W9956,21.99,100.,0.2199
WA44.W9955,16.49,100.,0.1649
WA45.W9954,1.269,100.,0.01269
WA46.W9953,0.,100.,0.
WA47.W9952,19.87,100.,0.1987
WA48.W9951,8.457,100.,0.08457
WA49.W9950,12.69,100.,0.1269
WA50.W9949,16.07,100.,0.1607
WA51.W9948,3.383,100.,0.03383
WA52.W9947,0.4228,100.,0.004228
WA53.W9946,19.45,100.,0.1945
WA54.W9945,0.,100.,0.
WA55.W9944,15.64,100.,0.1564
WA56.W9943,11.42,100.,0.1142
WA57.W9942,28.33,100.,0.2833
WA58.W9941,38.9,100.,0.389
WA59.W9940,33.4,100.,0.334
WA60.W9939,13.95,100.,0.1395
WA61.W9938,5.497,100.,0.05497
WA62.W9937,29.6,100.,0.296
WA63.W9936,2.96,100.,0.0296
WA64.W9935,24.1,100.,0.241
WA65.W9934,15.22,100.,0.1522
WA66.W9933,25.37,100.,0.2537
WA67.W9932,13.95,100.,0.1395
WA68.W9931,19.03,100.,0.1903
WA69.W9930,26.64,100.,0.2664
WA70.W9929,23.26,100.,0.2326
WA71.W9928,26.64,100.,0.2664
WA72.W9927,48.63,100.,0.4863
WA73.W9926,13.53,100.,0.1353
WA74.W9925,15.22,100.,0.1522
WA75.W9924,0.,100.,0.
WA76.W9923,16.49,100.,0.1649
WA77.W9922,27.06,100.,0.2706
WA78.W9921,21.56,100.,0.2156
WA79.W9920,36.79,100.,0.3679
WA80.W9919,28.75,100.,0.2875
WA81.W9918,24.1,100.,0.241
WA82.W9917,6.765,100.,0.06765
WA83.W9916,39.32,100.,0.3932
WA84.W9915,29.18,100.,0.2918
WA85.W9914,4.228,100.,0.04228
WA86.W9913,12.69,100.,0.1269
WA87.W9912,23.26,100.,0.2326
WA88.W9911,9.302,100.,0.09302
WA89.W9910,41.01,100.,0.4101
WA90.W9909,40.59,100.,0.4059
WA91.W9908,68.5,100.,0.685
WA92.W9907,50.74,100.,0.5074
WA93.W9906,16.91,100.,0.1691
WA94.W9905,0.,100.,0.
WA95.W9904,15.22,100.,0.1522
WA96.W9903,25.79,100.,0.2579
WA97.W9902,32.14,100.,0.3214
WA98.W9901,35.94,100.,0.3594
WA99.W9900,52.01,100.,0.5201
WA100.W9899,36.79,100.,0.3679
WA101.W9898,22.83,100.,0.2283
WA102.W9897,41.86,100.,0.4186
WA103.W9896,5.497,100.,0.05497
WA104.W9895,2.537,100.,0.02537
WA105.W9894,55.81,100.,0.5581
WA106.W9893,13.95,100.,0.1395
WA107.W9892,34.67,100.,0.3467
WA108.W9891,38.06,100.,0.3806
WA109.W9890,24.1,100.,0.241
WA110.W9889,12.26,100.,0.1226
WA111.W9888,23.26,100.,0.2326
WA112.W9887,29.18,100.,0.2918
WA113.W9886,39.32,100.,0.3932
WA114.W9885,22.83,100.,0.2283
WA115.W9884,17.76,100.,0.1776
WA116.W9883,52.85,100.,0.5285
WA117.W9882,18.6,100.,0.186
WA118.W9881,44.4,100.,0.444
WA119.W9880,13.11,100.,0.1311
WA120.W9879,14.8,100.,0.148
WA121.W9878,16.91,100.,0.1691
WA122.W9877,6.343,100.,0.06343
WA123.W9876,24.95,100.,0.2495
WA124.W9875,28.33,100.,0.2833
WA125.W9874,39.32,100.,0.3932
WA126.W9873,34.25,100.,0.3425
WA127.W9872,49.47,100.,0.4947
WA128.W9871,60.89,100.,0.6089
WA129.W9870,39.32,100.,0.3932
WA130.W9869,24.95,100.,0.2495
WA131.W9868,34.25,100.,0.3425
WA132.W9867,18.18,100.,0.1818
WA133.W9866,15.64,100.,0.1564
WA134.W9865,45.67,100.,0.4567
WA135.W9864,0.,100.,0.
WA136.W9863,21.56,100.,0.2156
WA137.W9862,27.06,100.,0.2706
WA138.W9861,49.89,100.,0.4989
WA139.W9860,50.74,100.,0.5074
WA140.W9859,54.97,100.,0.5497
WA141.W9858,0.4228,100.,0.004228
WA142.W9857,46.51,100.,0.4651
WA143.W9856,36.36,100.,0.3636
WA144.W9855,30.02,100.,0.3002
WA145.W9854,35.94,100.,0.3594
WA146.W9853,59.2,100.,0.592
WA147.W9852,45.24,100.,0.4524
WA148.W9851,35.1,100.,0.351
WA149.W9850,73.57,100.,0.7357
WA150.W9849,27.91,100.,0.2791
WA151.W9848,50.32,100.,0.5032
WA152.W9847,36.36,100.,0.3636
WB.W9997,0.,100.,0.
WB2.W9996,0.,100.,0.
WB3.W9995,0.,100.,0.
WB4.W9994,0.,100.,0.
WB5.W9993,0.,100.,0.
WB6.W9992,16.91,100.,0.1691
WB7.W9991,2.537,100.,0.02537
WB8.W9990,0.,100.,0.
WB9.W9989,0.,100.,0.
WB10.W9988,4.228,100.,0.04228
WB11.W9987,22.41,100.,0.2241
WB12.W9986,22.41,100.,0.2241
WB13.W9985,0.4228,100.,0.004228
WB14.W9984,2.96,100.,0.0296
WB15.W9983,18.18,100.,0.1818
WB16.W9982,14.8,100.,0.148
WB17.W9981,30.87,100.,0.3087
WB18.W9980,0.,100.,0.
WB19.W9979,0.,100.,0.
WB20.W9978,17.76,100.,0.1776
WB21.W9977,1.269,100.,0.01269
WB22.W9976,23.68,100.,0.2368
WB23.W9975,15.22,100.,0.1522
WB24.W9974,5.074,100.,0.05074
WB25.W9973,0.,100.,0.
WB26.W9972,0.,100.,0.
WB27.W9971,2.96,100.,0.0296
WB28.W9970,8.034,100.,0.08034
WB29.W9969,21.56,100.,0.2156
WB30.W9968,0.,100.,0.
WB31.W9967,33.4,100.,0.334
WB32.W9966,0.4228,100.,0.004228
WB33.W9965,1.691,100.,0.01691
WB34.W9964,2.537,100.,0.02537
WB35.W9963,19.03,100.,0.1903
WB36.W9962,29.6,100.,0.296
WB37.W9961,27.91,100.,0.2791
WB38.W9960,0.4228,100.,0.004228
WB39.W9959,36.36,100.,0.3636
WB40.W9958,35.94,100.,0.3594
WB41.W9957,22.41,100.,0.2241
WB42.W9956,15.22,100.,0.1522
WB43.W9955,16.91,100.,0.1691
WB44.W9954,8.034,100.,0.08034
WB45.W9953,51.16,100.,0.5116
WB46.W9952,8.457,100.,0.08457
WB47.W9951,34.67,100.,0.3467
WB48.W9950,54.97,100.,0.5497
WB49.W9949,32.14,100.,0.3214
WB50.W9948,55.39,100.,0.5539
WB51.W9947,35.52,100.,0.3552
WB52.W9946,42.71,100.,0.4271
WB53.W9945,41.86,100.,0.4186
WB54.W9944,33.4,100.,0.334
WB55.W9943,13.11,100.,0.1311
WB56.W9942,0.,100.,0.
WB57.W9941,30.87,100.,0.3087
WB58.W9940,50.32,100.,0.5032
WB59.W9939,0.,100.,0.
WB60.W9938,30.87,100.,0.3087
WB61.W9937,51.59,100.,0.5159
WB62.W9936,19.45,100.,0.1945
WB63.W9935,38.06,100.,0.3806
WB64.W9934,62.16,100.,0.6216
WB65.W9933,11.42,100.,0.1142
WB66.W9932,36.79,100.,0.3679
WB67.W9931,46.93,100.,0.4693
WB68.W9930,36.79,100.,0.3679
WB69.W9929,2.96,100.,0.0296
WB70.W9928,59.2,100.,0.592
WB71.W9927,3.383,100.,0.03383
WB72.W9926,21.14,100.,0.2114
WB73.W9925,7.611,100.,0.07611
WB74.W9924,40.59,100.,0.4059
WB75.W9923,15.64,100.,0.1564
WB76.W9922,17.76,100.,0.1776
WB77.W9921,24.52,100.,0.2452
WB78.W9920,25.79,100.,0.2579
WB79.W9919,38.9,100.,0.389
WB80.W9918,32.14,100.,0.3214
WB81.W9917,22.83,100.,0.2283
WB82.W9916,8.457,100.,0.08457
WB83.W9915,41.86,100.,0.4186
WB84.W9914,40.17,100.,0.4017
WB85.W9913,3.806,100.,0.03806
WB86.W9912,3.806,100.,0.03806
WC.W9999,11.42,100.,0.1142
WC2.W9998,16.07,100.,0.1607
WC3.W9997,0.,100.,0.
WC4.W9996,19.45,100.,0.1945
WC5.W9995,9.725,100.,0.09725
WC6.W9994,43.55,100.,0.4355
WC7.W9993,2.114,100.,0.02114
WC8.W9992,21.99,100.,0.2199
WD.W9997,0.,100.,0.
WD2.W9996,1.269,100.,0.01269
WD3.W9995,0.,100.,0.
WD4.W9994,0.,100.,0.
WD5.W9993,0.,100.,0.
WD6.W9992,22.41,100.,0.2241
WD7.W9991,0.,100.,0.
WD8.W9990,0.,100.,0.
WD9.W9989,33.83,100.,0.3383
WD10.W9988,1.269,100.,0.01269
WD11.W9987,0.4228,100.,0.004228
WD12.W9986,30.87,100.,0.3087
WD13.W9985,8.457,100.,0.08457
WD14.W9984,0.8457,100.,0.008457
WD15.W9983,2.96,100.,0.0296
WD16.W9982,0.,100.,0.
WD17.W9981,21.99,100.,0.2199
WD18.W9980,3.383,100.,0.03383
WD19.W9979,21.56,100.,0.2156
WD20.W9978,19.03,100.,0.1903
WD21.W9977,8.034,100.,0.08034
WD22.W9976,21.56,100.,0.2156
WD23.W9975,0.4228,100.,0.004228
WD24.W9974,6.343,100.,0.06343
WD25.W9973,0.,100.,0.
WD26.W9972,0.,100.,0.
WD27.W9971,19.03,100.,0.1903
WD28.W9970,13.11,100.,0.1311
WD29.W9969,19.03,100.,0.1903
WD30.W9968,3.806,100.,0.03806
WD31.W9967,0.4228,100.,0.004228
WD32.W9966,60.47,100.,0.6047
WD33.W9965,98.52,100.,0.9852
WD34.W9964,2.96,100.,0.0296
WD35.W9963,12.26,100.,0.1226
WD36.W9962,22.83,100.,0.2283
WD37.W9961,1.691,100.,0.01691
WD38.W9960,19.87,100.,0.1987
WD39.W9959,46.09,100.,0.4609
WD40.W9958,2.114,100.,0.02114
WD41.W9957,16.07,100.,0.1607
WD42.W9956,34.67,100.,0.3467
WD43.W9955,0.4228,100.,0.004228
WD44.W9954,18.6,100.,0.186
WD45.W9953,14.38,100.,0.1438
WD46.W9952,17.34,100.,0.1734
WD47.W9951,17.76,100.,0.1776
WD48.W9950,0.,100.,0.
WD49.W9949,2.537,100.,0.02537
WD50.W9948,19.45,100.,0.1945
WD51.W9947,59.62,100.,0.5962
WD52.W9946,11.42,100.,0.1142
WD53.W9945,6.343,100.,0.06343
WD54.W9944,0.,100.,0.
WD55.W9943,47.78,100.,0.4778
WD56.W9942,7.188,100.,0.07188
WD57.W9941,16.91,100.,0.1691
WD58.W9940,23.26,100.,0.2326
WD59.W9939,3.383,100.,0.03383
WD60.W9938,12.69,100.,0.1269
WD61.W9937,0.,100.,0.
WD62.W9936,8.88,100.,0.0888
WD63.W9935,7.611,100.,0.07611
WD64.W9934,0.,100.,0.
WD65.W9933,11.42,100.,0.1142
WD66.W9932,31.71,100.,0.3171
WD67.W9931,2.114,100.,0.02114
WD68.W9930,0.,100.,0.
WD69.W9929,1.269,100.,0.01269
WD70.W9928,15.64,100.,0.1564
WD71.W9927,15.22,100.,0.1522
WD72.W9926,46.93,100.,0.4693
WD73.W9925,14.38,100.,0.1438
WD74.W9924,17.34,100.,0.1734
WD75.W9923,16.49,100.,0.1649
WD76.W9922,31.71,100.,0.3171
WD77.W9921,21.99,100.,0.2199
WD78.W9920,23.26,100.,0.2326
WD79.W9919,8.034,100.,0.08034
WD80.W9918,27.48,100.,0.2748
WD81.W9917,53.7,100.,0.537
WD82.W9916,13.95,100.,0.1395
WD83.W9915,4.651,100.,0.04651
WD84.W9914,30.02,100.,0.3002
WD85.W9913,26.22,100.,0.2622
WD86.W9912,20.72,100.,0.2072
WD87.W9911,13.95,100.,0.1395
WD88.W9910,10.99,100.,0.1099
WD89.W9909,8.457,100.,0.08457
WD90.W9908,21.14,100.,0.2114
WD91.W9907,21.56,100.,0.2156
WD92.W9906,51.16,100.,0.5116
WD93.W9905,13.53,100.,0.1353
WD94.W9904,26.22,100.,0.2622
WD95.W9903,43.13,100.,0.4313
WD96.W9902,21.99,100.,0.2199
WD97.W9901,14.38,100.,0.1438
WD98.W9900,49.89,100.,0.4989
WD99.W9899,21.99,100.,0.2199
WD100.W9898,31.71,100.,0.3171
WD101.W9897,45.24,100.,0.4524
WD102.W9896,98.52,100.,0.9852
WD103.W9895,32.56,100.,0.3256
WD104.W9894,30.02,100.,0.3002
WD105.W9893,17.34,100.,0.1734
WD106.W9892,24.52,100.,0.2452
WD107.W9891,58.77,100.,0.5877
WD108.W9890,0.,100.,0.
WD109.W9889,3.806,100.,0.03806
WD110.W9888,19.45,100.,0.1945
WD111.W9887,12.26,100.,0.1226
WD112.W9886,30.87,100.,0.3087
WD113.W9885,7.611,100.,0.07611
WD114.W9884,50.74,100.,0.5074
WD115.W9883,19.03,100.,0.1903
WD116.W9882,3.806,100.,0.03806
WD117.W9881,74.84,100.,0.7484
WD118.W9880,30.02,100.,0.3002
WD119.W9879,37.21,100.,0.3721
WD120.W9878,48.63,100.,0.4863
WD121.W9877,21.14,100.,0.2114
WD122.W9876,40.59,100.,0.4059
WD123.W9875,19.87,100.,0.1987
WD124.W9874,38.9,100.,0.389
WD125.W9873,27.48,100.,0.2748
WD126.W9872,16.07,100.,0.1607
WD127.W9871,22.83,100.,0.2283
WD128.W9870,44.82,100.,0.4482
WD129.W9869,46.51,100.,0.4651
WD130.W9868,43.13,100.,0.4313
WD131.W9867,46.93,100.,0.4693
WD132.W9866,45.67,100.,0.4567
WD133.W9865,22.83,100.,0.2283
WD134.W9864,21.14,100.,0.2114
WD135.W9863,43.97,100.,0.4397
WD136.W9862,32.56,100.,0.3256
WD137.W9861,45.67,100.,0.4567
WD138.W9860,21.56,100.,0.2156
WD139.W9859,70.61,100.,0.7061
WD140.W9858,40.17,100.,0.4017
WD141.W9857,9.302,100.,0.09302
WD142.W9856,47.36,100.,0.4736
WD143.W9855,32.98,100.,0.3298
WD144.W9854,44.82,100.,0.4482
WD145.W9853,54.55,100.,0.5455
WD146.W9852,52.01,100.,0.5201
WD147.W9851,35.94,100.,0.3594
WD148.W9850,30.87,100.,0.3087
WE.W9999,0.,100.,0.
WE2.W9998,0.,100.,0.
WE3.W9997,12.26,100.,0.1226
WE4.W9996,5.497,100.,0.05497
WE5.W9995,16.49,100.,0.1649
WE6.W9994,23.26,100.,0.2326
WE7.W9993,0.,100.,0.
WE8.W9992,0.,100.,0.
WE9.W9991,3.806,100.,0.03806
WE10.W9990,0.,100.,0.
WE11.W9989,1.691,100.,0.01691
WE12.W9988,1.691,100.,0.01691
WE13.W9987,5.074,100.,0.05074
WE14.W9986,1.269,100.,0.01269
WE15.W9985,6.765,100.,0.06765
WE16.W9984,0.,100.,0.
WE17.W9983,1.691,100.,0.01691
WE18.W9982,0.,100.,0.
WE19.W9981,0.8457,100.,0.008457
WE20.W9980,0.8457,100.,0.008457
WE21.W9979,5.92,100.,0.0592
WE22.W9978,25.79,100.,0.2579
WE23.W9977,45.67,100.,0.4567
WE24.W9976,35.1,100.,0.351
WE25.W9975,0.,100.,0.
WE26.W9974,0.4228,100.,0.004228
WE27.W9973,0.,100.,0.
WE28.W9972,33.83,100.,0.3383
WE29.W9971,17.34,100.,0.1734
WE30.W9970,5.074,100.,0.05074
WE31.W9969,37.63,100.,0.3763
WE32.W9968,30.02,100.,0.3002
WE33.W9967,0.4228,100.,0.004228
WE34.W9966,32.14,100.,0.3214
WE35.W9965,15.22,100.,0.1522
WE36.W9964,36.36,100.,0.3636
WE37.W9963,13.53,100.,0.1353
WE38.W9962,25.37,100.,0.2537
WE39.W9961,11.42,100.,0.1142
WE40.W9960,19.03,100.,0.1903
WE41.W9959,28.33,100.,0.2833
WE42.W9958,18.18,100.,0.1818
WE43.W9957,34.25,100.,0.3425
WE44.W9956,22.83,100.,0.2283
WE45.W9955,51.59,100.,0.5159
WE46.W9954,0.,100.,0.
WE47.W9953,30.02,100.,0.3002
WE48.W9952,1.269,100.,0.01269
WE49.W9951,24.1,100.,0.241
WE50.W9950,23.26,100.,0.2326
WE51.W9949,25.79,100.,0.2579
WE52.W9948,3.383,100.,0.03383
WE53.W9947,5.497,100.,0.05497
WE54.W9946,16.07,100.,0.1607
WE55.W9945,19.03,100.,0.1903
WE56.W9944,1.691,100.,0.01691
WE57.W9943,58.77,100.,0.5877
WE58.W9942,36.36,100.,0.3636
WE59.W9941,50.32,100.,0.5032
WE60.W9940,2.96,100.,0.0296
WE61.W9939,26.22,100.,0.2622
WE62.W9938,43.55,100.,0.4355
WE63.W9937,31.29,100.,0.3129
WE64.W9936,49.89,100.,0.4989
WE65.W9935,10.99,100.,0.1099
WE66.W9934,42.71,100.,0.4271
WE67.W9933,19.03,100.,0.1903
WE68.W9932,31.29,100.,0.3129
WE69.W9931,39.32,100.,0.3932
WE70.W9930,31.29,100.,0.3129
WE71.W9929,24.1,100.,0.241
WE72.W9928,0.,100.,0.
WE73.W9927,3.806,100.,0.03806
WE74.W9926,50.32,100.,0.5032
WE75.W9925,20.72,100.,0.2072
WE76.W9924,17.76,100.,0.1776
WE77.W9923,22.83,100.,0.2283
WE78.W9922,41.01,100.,0.4101
WE79.W9921,13.95,100.,0.1395
WE80.W9920,26.22,100.,0.2622
WE81.W9919,16.07,100.,0.1607
WE82.W9918,38.9,100.,0.389
WE83.W9917,72.3,100.,0.723
WE84.W9916,44.4,100.,0.444
WE85.W9915,38.9,100.,0.389
WE86.W9914,27.48,100.,0.2748
WE87.W9913,52.43,100.,0.5243
WE88.W9912,46.09,100.,0.4609
WE89.W9911,26.64,100.,0.2664
WF.W9999,13.11,100.,0.1311
WF2.W9998,13.53,100.,0.1353
WF3.W9997,5.92,100.,0.0592
WF4.W9996,0.4228,100.,0.004228
WF5.W9995,22.83,100.,0.2283
WF6.W9994,1.269,100.,0.01269
WF7.W9993,9.725,100.,0.09725
WF8.W9992,30.02,100.,0.3002
WF9.W9991,27.06,100.,0.2706
WF10.W9990,35.94,100.,0.3594
WF11.W9989,27.91,100.,0.2791
